DATE,Open,High,Low,Close,Volume,TA_GRADE,QUANT_GRADE,TM_TRADER_GRADE
2021-01-01,28933.86,29611.51,28649.46,29305.29,298.357085,95.9419211347,52.0778503418,87.1691069762
2021-01-02,29321.41,33271.38,28955.02,32162.01,667.482338,96.0855938172,52.550239563,87.3785229664
2021-01-03,32174.75,34776.59,31942.96,33031.74,701.951087,96.1242440065,53.3653717041,87.5724695461
2021-01-04,33034.55,33593.47,27500.0,32005.27,987.279894,82.1420565756,54.9961395264,76.7128731658
2021-01-05,31996.54,34392.59,29937.69,33946.09,765.314265,83.090496117,55.0448303223,77.4813629581
2021-01-06,33939.15,36935.58,33319.67,36756.07,864.714279,96.2598226628,55.3487243652,88.0776030033
2021-01-07,36761.31,40358.96,35813.86,39444.65,770.127274,96.334996296,54.8915061951,88.0462982758
2021-01-08,39437.66,41958.85,36589.0,40597.2,967.349503,96.4234260125,55.0595855713,88.1506579242
2021-01-09,40574.89,41371.87,38739.22,40090.54,484.910296,96.4993606031,55.6385231018,88.3271931029
2021-01-10,40092.11,41330.71,35200.0,38182.97,740.145562,96.5682967714,55.7448120117,88.4035998195
2021-01-11,38166.79,38288.44,30471.78,35438.75,1870.951319,83.2129369349,55.8630828857,77.7429661251
2021-01-12,35438.75,36600.1,32600.0,34041.15,919.597427,82.6355061757,54.3580856323,76.980022067
2021-01-13,34044.28,37805.88,32403.05,37351.77,843.629073,81.7755010431,54.5440673828,76.329214311
2021-01-14,37329.13,40100.54,36766.07,39175.88,407.515497,83.2605738081,54.5366630554,77.5157916576
2021-01-15,39138.66,39723.34,34444.39,36732.12,554.127909,83.3484653704,54.3695640564,77.5526851076
2021-01-16,36734.73,37948.26,35350.0,35982.21,385.981721,82.1870429697,54.5680351257,76.6632414009
2021-01-17,35982.2,36842.5,33859.11,35826.78,308.508956,81.7436633973,54.4519081116,76.2853123402
2021-01-18,35841.98,37469.87,34787.46,36627.61,329.067462,81.4235886156,54.4526100159,76.0293928956
2021-01-19,36624.79,37848.91,35874.74,35926.59,340.565257,83.0563500925,54.4889564514,77.3428713643
2021-01-20,35867.39,36398.16,33351.36,35484.17,525.9541,79.1099469715,54.3474693298,74.1574514431
2021-01-21,35464.08,35604.47,30191.0,30748.54,895.465664,55.3,52.8836898804,54.8167379761
2021-01-22,30873.21,33827.83,29000.0,33045.55,870.318427,54.7653381038,52.8089447021,54.3740594235
2021-01-23,32941.38,33451.56,31400.0,32110.3,210.849721,55.0582610781,52.643157959,54.5752404543
2021-01-24,32064.71,33073.47,30895.25,32276.8,181.797634,55.6035643046,52.6217193604,55.0071953158
2021-01-25,32276.46,34860.0,31937.89,32222.22,275.094619,55.4317501528,52.8146362305,54.9083273683
2021-01-26,32218.2,32920.0,30831.41,32457.97,247.095624,53.3464868649,52.765953064,53.2303801047
2021-01-27,32493.78,32555.7,29250.0,30356.27,301.390318,54.1400507034,52.7864723206,53.8693350268
2021-01-28,30351.17,33780.5,29858.1,33311.17,286.030946,54.9518210548,52.6948852539,54.5004338946
2021-01-29,33372.95,38539.39,31929.72,34242.42,987.916825,76.4,52.8134803772,71.6826960754
2021-01-30,34282.21,34929.32,32835.91,34240.95,310.242049,76.4,52.8534469604,71.6906893921
2021-01-31,34240.99,34334.27,32166.67,33071.34,190.641978,53.5,52.5830192566,53.3166038513
2021-02-01,33097.72,34700.0,32287.34,33545.56,215.258484,52.7336772036,52.7180480957,52.730551382
2021-02-02,33491.57,35976.92,33440.11,35505.83,251.941418,52.3060865382,52.7508201599,52.3950332625
2021-02-03,35477.64,37652.5,35381.06,37633.27,499.415853,81.8741643958,52.7715911865,76.0536497539
2021-02-04,37601.48,38696.53,36181.63,36961.45,794.377078,81.6274737934,52.8915138245,75.8802817996
2021-02-05,36935.44,38344.42,36570.91,38306.68,400.513652,82.1841880162,53.4655990601,76.4404702249
2021-02-06,38306.68,40958.13,38209.7,39220.16,271.93314,96.2620266353,53.8975105286,87.789123414
2021-02-07,39177.37,39680.56,37360.12,38789.4,365.480765,96.2334527661,54.8153076172,87.9498237363
2021-02-08,38796.29,46788.25,38009.78,46386.93,589.688918,96.4486968679,55.094329834,88.1778234611
2021-02-09,46410.03,48123.7,45014.73,46468.4,557.381568,96.5060473283,54.6174316406,88.1283241907
2021-02-10,46468.4,47300.0,43700.0,44871.28,477.334904,96.6624408493,54.878036499,88.3055599793
2021-02-11,44871.28,48710.45,43984.89,47961.49,334.624128,96.4984517408,54.7252235413,88.1438061009
2021-02-12,47977.55,48986.88,46157.73,47326.29,374.047168,96.8293023773,54.8198066559,88.427403233
2021-02-13,47319.46,48128.28,46233.27,47110.11,292.697171,96.5077884935,54.4427804476,88.0947868843
2021-02-14,47138.7,49691.04,47011.23,48589.46,182.839344,96.3357870675,55.0634154049,88.081312735
2021-02-15,48580.94,48983.98,45610.03,47907.41,434.841096,96.3233046747,56.0532637564,88.269296491
2021-02-16,47922.97,50684.84,47037.04,49132.87,449.066676,96.3054070766,56.0840430742,88.2611342761
2021-02-17,49167.87,52615.33,48964.28,52039.76,407.383666,96.4499287958,56.0041046143,88.3607639595
2021-02-18,52118.97,52520.18,50914.9,51614.67,336.431209,96.3655708118,56.0490112305,88.3022588955
2021-02-19,51578.71,56335.12,50738.02,55876.0,327.562147,96.5293988573,55.9303245544,88.4095839967
2021-02-20,55929.59,57567.0,53865.08,55858.83,300.738538,96.5788814701,56.3764686584,88.5383989077
2021-02-21,55853.06,58361.09,55462.71,57425.47,227.730144,96.4457164422,56.5761299133,88.4717991364
2021-02-22,57416.19,57509.4,47913.84,54152.15,567.683143,81.7494941339,56.1144332886,76.6224819648
2021-02-23,54118.63,54179.23,44928.36,48903.91,866.735606,82.6349705844,55.9097557068,77.2899276089
2021-02-24,48913.96,51356.82,46953.92,49682.98,358.706564,83.22756515,57.0356063843,77.9891733969
2021-02-25,49679.78,52001.06,46708.76,47075.19,333.527721,80.7729753516,57.3779182434,76.0939639299
2021-02-26,47013.45,48435.78,44111.32,46314.74,457.138462,80.7004641256,57.9002761841,76.1404265373
2021-02-27,46303.21,48375.0,45013.6,46113.12,229.097458,83.0410708634,57.912651062,78.0153869031
2021-02-28,46107.36,46613.27,43000.0,45161.6,372.158691,53.9412063983,58.0112419128,54.7552135012
2021-03-01,45161.2,49783.33,44950.13,49617.18,370.249921,56.992236902,57.9562606812,57.1850416579
2021-03-02,49566.16,50204.7,47065.54,48456.72,228.987524,57.1224340879,57.5322227478,57.2043918199
2021-03-03,48389.21,52631.64,48148.14,50352.9,255.807299,52.9258502807,57.3124656677,53.8031733581
2021-03-04,50377.73,51780.29,47500.0,48373.02,364.099317,52.1816651063,57.6761856079,53.2805692066
2021-03-05,48331.2,49430.45,46329.97,48747.32,405.35635,53.7338282885,57.3634567261,54.459753976
2021-03-06,48773.57,49210.46,47055.76,48905.34,274.470343,55.3664069291,57.2638626099,55.7458980653
2021-03-07,48893.35,51447.81,48893.35,50960.87,202.240914,77.9635892144,57.034576416,73.7777866547
2021-03-08,50996.74,52395.78,49285.46,52335.07,278.010895,96.0833472258,57.6599960327,88.3986769872
2021-03-09,52400.0,54890.0,51847.85,54857.46,312.015916,96.1368315778,54.0928764343,87.7280405491
2021-03-10,54889.99,57407.64,52782.18,55955.34,565.980917,96.0972220975,54.1710662842,87.7119909348
2021-03-11,55909.78,58129.0,54294.59,57756.57,301.297684,96.2051183396,53.7001113892,87.7041169495
2021-03-12,57761.45,58091.65,55052.66,57232.78,392.058973,96.3618329306,54.696685791,88.0288035027
2021-03-13,57178.52,61822.09,56100.0,61173.44,238.846735,96.4209851453,54.7530899048,88.0874060972
2021-03-14,61203.75,61697.85,58963.2,58963.2,173.469374,96.4146172066,54.9652862549,88.1247510163
2021-03-15,58962.85,60611.01,54583.37,55552.06,467.143221,96.3960765131,54.9792823792,88.1127176864
2021-03-16,55565.82,56946.89,53280.97,56946.89,377.453865,96.4165505223,54.8430099487,88.1018424076
2021-03-17,56928.63,58974.35,54142.98,58781.2,310.686163,96.4050871779,54.8883094788,88.1017316381
2021-03-18,58975.98,60122.56,57024.0,57678.64,250.292898,96.1479381577,54.8910140991,87.896553346
2021-03-19,57623.45,59459.94,56274.68,58143.3,256.335715,96.0755679552,55.0860939026,87.8776731447
2021-03-20,58040.59,59876.34,57832.25,58075.12,160.725485,96.2853230353,55.147819519,88.057822332
2021-03-21,58060.15,58571.99,55459.19,57330.95,174.825296,82.7648035323,55.1123886108,77.234320548
2021-03-22,57392.09,58426.53,53701.96,54076.17,206.56348,82.7349173047,55.2409248352,77.2361188108
2021-03-23,54066.67,55829.74,53000.07,54387.68,225.545178,78.4230819884,55.1809196472,73.7746495202
2021-03-24,54303.69,57184.47,51000.0,52307.69,323.138914,78.7745673891,55.303150177,74.0802839467
2021-03-25,52294.13,53228.87,50444.23,51304.0,316.578315,78.5287164949,55.2970161438,73.8650767726
2021-03-26,51311.64,55091.44,51283.54,55028.38,240.605987,78.5287164949,55.2105178833,73.8650767726
2021-03-27,55028.36,56632.08,53944.2,55839.0,194.577652,78.6,55.1446914673,73.9089382935
2021-03-28,55823.71,56541.9,54687.88,55773.8,140.569613,78.9166540602,55.3406562805,74.2014545042
2021-03-29,55809.0,58401.15,54914.74,57611.51,212.479431,95.9840617398,55.2286262512,87.8329746421
2021-03-30,57677.07,59359.65,57076.67,58747.49,143.911921,95.9681699703,55.2445983887,87.823455654
2021-03-31,58717.24,59787.24,56857.7,58773.06,261.078594,96.0180515328,55.2148246765,87.8574061616
2021-04-01,58747.08,59487.01,57943.49,58723.68,225.885576,96.0353097336,55.3143501282,87.8911178125
2021-04-02,58735.38,60171.61,58444.89,58980.0,278.604685,95.997154441,55.3080215454,87.8593278618
2021-04-03,58958.71,59780.83,56897.85,57054.29,279.639129,96.1897094597,55.2704277039,88.0058531085
2021-04-04,57061.2,58482.2,56442.0,58179.83,244.953418,96.1674345106,53.4628067017,87.6265089488
2021-04-05,58236.24,59259.78,56801.82,59110.55,194.500456,96.1161655044,53.8558044434,87.6640932922
2021-04-06,59131.13,59500.0,57401.96,57995.35,372.22847,96.148523154,54.9965209961,87.9181227225
2021-04-07,57995.35,58643.67,55470.1,55921.81,618.893009,74.5353398967,55.7881164551,70.7858952083
2021-04-08,55940.45,58144.15,55690.9,58070.47,239.497105,88.0333117923,55.8973464966,81.6061187332
2021-04-09,58081.86,58886.76,57660.43,58114.3,223.299192,74.5739349624,55.4515266418,70.7494532983
2021-04-10,58148.26,61353.31,57892.24,59776.67,460.593003,88.1530172856,55.5457878113,81.6315713907
2021-04-11,59779.45,60693.74,59231.65,60001.4,400.123347,88.1239501004,55.5812988281,81.6154198459
2021-04-12,60002.61,61259.43,59428.57,59870.0,341.193748,88.108218896,55.3452682495,81.5556287667
2021-04-13,59870.0,63749.42,59826.57,63555.57,479.892121,88.1907170718,55.5456962585,81.6617129092
2021-04-14,63607.7,64853.59,61321.56,62940.36,738.306728,88.2493023416,55.6514587402,81.7297336213
2021-04-15,63019.42,63767.34,62038.65,63161.09,288.18601,88.1688181152,55.8475494385,81.7045643799
2021-04-16,63193.73,63510.88,60006.79,61345.0,698.337589,88.2920452758,55.7205505371,81.7777463281
2021-04-17,61345.0,62500.0,59608.3,60000.96,355.803604,75.0528849434,55.5271072388,71.1477294025
2021-04-18,60010.75,60366.84,51000.74,56155.11,1810.623187,71.0169589317,55.781085968,67.969784339
2021-04-19,56152.95,57513.51,54242.56,55607.18,761.96758,71.025995805,54.3486976624,67.6905361765
2021-04-20,55623.02,57084.74,53353.6,56430.65,923.594545,71.023800236,55.2034454346,67.8597292757
2021-04-21,56430.65,56756.47,53626.3,53788.72,636.905988,31.7058875128,52.3929100037,35.843292011
2021-04-22,53806.36,55463.66,50481.03,51694.18,1169.265697,9.998256816,51.5741920471,18.3134438622
2021-04-23,51692.95,52119.17,47509.6,51121.61,963.76669,9.9797516719,52.7142333984,18.5266480172
2021-04-24,51125.96,51186.03,48675.17,50042.37,455.961209,9.9659926897,49.9671173096,17.9662176137
2021-04-25,50082.49,50571.42,46957.72,49063.82,776.05531,9.9409768507,53.366973877,18.626176256
2021-04-26,49082.7,54333.33,48777.77,54019.14,867.406534,9.940806076,52.7198905945,18.4966229797
2021-04-27,53991.9,55447.05,53248.44,55008.96,628.331125,9.9454889451,53.0105857849,18.558508313
2021-04-28,55012.03,56427.44,53813.23,54831.52,576.4614,9.9568189784,54.202709198,18.8059970223
2021-04-29,54871.95,55190.72,52328.22,53557.33,420.210864,9.9567657546,55.2134590149,19.0081044067
2021-04-30,53557.85,57915.1,53051.59,57707.15,599.026329,33.5936531038,55.2764930725,37.9302210975
2021-05-01,57698.27,58467.76,57003.72,57780.38,382.413561,53.5842517943,54.9338684082,53.8541751171
2021-05-02,57800.0,57913.32,56057.84,56577.85,374.101697,53.5877385624,55.1852645874,53.9072437674
2021-05-03,56577.85,58964.91,56463.54,57162.07,507.009012,77.8734435148,54.8887252808,73.276499868
2021-05-04,57162.08,57189.19,53084.81,53206.25,853.466002,45.5909082312,55.0404853821,47.4808236614
2021-05-05,53196.41,57988.13,52914.2,57430.25,818.784275,45.5937380947,54.5633888245,47.3876682407
2021-05-06,57439.07,58358.14,55267.08,56404.09,633.36826,49.6974714619,53.9846305847,50.5549032865
2021-05-07,56410.73,58657.56,55219.66,57328.39,625.311178,49.6975803335,54.5774726868,50.6735588041
2021-05-08,57303.44,59615.9,56933.24,58861.73,548.632419,74.5005306545,54.5716285706,70.5147502377
2021-05-09,58881.25,59223.28,56266.44,58235.83,535.560584,74.5066796401,54.4663276672,70.4986092455
2021-05-10,58253.12,59516.44,53588.23,55815.35,916.84421,74.5022876154,54.7843017578,70.5586904439
2021-05-11,55795.74,56886.54,54484.15,56674.93,503.489901,82.4067772248,54.7882461548,76.8830710108
2021-05-12,56679.21,57995.75,48645.6,49734.81,852.650386,27.5981661046,55.2634353638,33.1312199565
2021-05-13,49666.15,51367.91,45825.78,49669.51,1946.043354,9.9757111891,55.3638114929,19.0533312499
2021-05-14,49651.56,51470.82,48830.57,49850.56,519.566248,9.9605018011,55.0540390015,18.9792092412
2021-05-15,49856.09,50689.76,46561.24,46764.44,520.721006,9.9403474565,55.6367378235,19.0796255299
2021-05-16,46764.43,49785.42,43879.82,46431.1,1076.519614,9.9224470882,55.7781181335,19.0935812972
2021-05-17,46413.31,46612.88,42113.36,43547.02,1342.450469,9.8995397886,56.1039466858,19.140421168
2021-05-18,43584.18,45783.51,42252.71,42848.25,835.253153,9.8774008983,56.4701004028,19.1959407992
2021-05-19,42858.47,43586.43,30116.81,36653.5,3229.080039,9.8396427327,60.1007080078,19.8918557878
2021-05-20,36672.13,42415.23,34933.59,40517.63,2607.465859,9.8179880343,54.2961730957,18.7136250466
2021-05-21,40502.48,42201.52,33500.0,37269.42,2874.142127,9.7886272525,57.3405838013,19.2990185623
2021-05-22,37199.43,38831.23,35215.38,37459.95,1835.644948,9.7648519086,59.6327476501,19.7384310569
2021-05-23,37457.21,38272.17,31109.0,34646.69,2893.844956,9.7346187992,58.8540649414,19.5585080276
2021-05-24,34668.82,39916.7,34383.3,38800.0,1350.74981,9.7738425937,59.4613304138,19.7113401577
2021-05-25,38800.0,39802.98,36445.8,38346.31,1254.662927,9.7692663667,59.5531959534,19.7260522841
2021-05-26,38330.47,40834.13,37807.82,39229.25,1129.246372,9.7688146054,59.5259056091,19.7202328061
2021-05-27,39220.87,40397.39,37138.13,38517.1,1117.809695,9.7740496058,59.636100769,19.7464598385
2021-05-28,38531.8,38868.51,34703.49,35648.81,1922.337302,9.7599879654,59.1425247192,19.6364953161
2021-05-29,35666.61,37306.11,33629.63,34598.17,2000.245242,9.7608291658,59.3107037798,19.6708040886
2021-05-30,34605.72,36497.16,33390.67,35644.74,804.187816,9.7532467326,59.1398200989,19.6305614059
2021-05-31,35623.36,37492.93,34159.81,37278.91,929.837321,13.8407585529,59.8012619019,23.0328592227
2021-06-01,37260.86,37907.9,35673.63,36661.22,863.296474,14.0138740565,60.1680595521,23.2447111556
2021-06-02,36699.03,38226.44,35937.84,37579.07,511.252851,29.169129247,54.9827853632,34.3318604703
2021-06-03,37553.86,39467.3,37159.14,39235.62,501.372308,37.6308741706,60.2216412178,42.14902758
2021-06-04,39249.74,39291.0,35580.6,36849.63,761.906576,37.633940516,60.2014163368,42.1474356802
2021-06-05,36827.12,37909.11,34813.63,35520.64,692.967896,37.6160718468,60.2141627279,42.135690023
2021-06-06,35520.63,36466.16,35229.93,35800.33,450.638409,37.6209070678,55.5267556365,41.2020767816
2021-06-07,35786.7,36796.64,33293.73,33574.51,736.999312,25.6089696775,61.0524847239,32.6976726868
2021-06-08,33551.19,34062.08,31007.99,33375.75,1135.773614,9.7229392526,62.2604661953,20.2304446412
2021-06-09,33384.21,37529.42,32400.0,37387.12,1254.513945,21.9240896244,61.6238464878,29.8640409971
2021-06-10,37398.73,38429.32,35793.04,36656.06,985.865997,21.9320135927,59.4443160529,29.4344740847
2021-06-11,36730.0,37667.81,35954.63,37336.65,765.615706,21.9397977328,62.1265786051,29.9771539072
2021-06-12,37348.27,37454.93,34600.83,35528.99,652.202114,21.9372279016,60.4203294904,29.6338482194
2021-06-13,35528.99,39362.54,34772.02,39017.71,780.296094,37.6496740665,59.9221828739,42.104175828
2021-06-14,39032.5,41045.45,38739.09,40522.72,849.361417,81.8827615388,57.9341327519,77.0930357814
2021-06-15,40528.17,41356.9,39536.75,40154.51,610.275926,57.6861037032,63.0901982032,58.7669226032
2021-06-16,40134.0,40522.07,38119.12,38351.86,675.958044,77.7967795082,63.2724493993,74.8919134864
2021-06-17,38330.04,39542.38,37378.93,38094.04,764.534361,77.7547582774,62.1222858868,74.6282637992
2021-06-18,38063.65,38195.67,31000.0,35824.6,1084.997908,52.9290581887,55.0819662594,53.3596398028
2021-06-19,35814.46,36452.48,34830.14,35493.08,874.417075,33.559320779,55.2603944055,37.8995355043
2021-06-20,35484.89,36132.13,33342.36,35593.24,1259.84697,17.8665677799,55.6727632325,25.4278068705
2021-06-21,35608.32,35742.84,31254.29,31616.31,3321.749211,9.9080899953,55.8268408171,19.0918401597
2021-06-22,31614.45,33295.8,28812.78,32496.39,2127.805597,9.9006871551,57.0252702329,19.3256037707
2021-06-23,32509.3,34838.8,31670.94,33664.27,1836.143088,9.8972380011,58.2364182868,19.5650740582
2021-06-24,33675.5,35279.2,32313.37,34653.19,1034.194571,17.8984662889,58.7599481436,26.0707626599
2021-06-25,34711.06,35499.14,31270.83,31592.52,1289.67848,17.8548502485,57.7056905624,25.8250183113
2021-06-26,31578.88,32711.25,30161.2,32271.79,1662.163429,17.8533347018,57.0694284111,25.6965534436
2021-06-27,32294.65,34748.64,32000.19,34692.49,1102.643534,17.8561785559,56.5474473542,25.5944323156
2021-06-28,34709.02,35285.42,33884.84,34487.91,731.538894,17.8581656111,52.3705864047,24.7606497698
2021-06-29,34487.57,36605.26,34235.93,35922.17,656.54945,17.862887725,54.9255654545,25.2754232709
2021-06-30,35894.9,36088.87,34013.34,35036.58,558.669277,17.8669522639,53.4848973118,24.9905412735
2021-07-01,35048.78,35048.78,32720.03,33506.98,786.487139,17.8677654246,54.0558497651,25.1053822927
2021-07-02,33502.26,33971.12,32698.4,33796.99,654.513379,17.872386104,53.9690856171,25.0917260066
2021-07-03,33831.62,34943.45,33322.38,34680.62,329.473886,38.9858741649,53.9114188898,41.9709831099
2021-07-04,34648.23,35955.94,34374.99,35280.51,290.759907,57.0123861887,54.741773825,56.5582637159
2021-07-05,35271.85,35271.85,33138.52,33704.45,452.172232,37.6818625629,56.2126439975,41.3880188498
2021-07-06,33693.05,35098.77,33532.93,34217.95,419.553226,37.6782721276,53.501753213,40.8429683447
2021-07-07,34178.7,35050.0,33789.71,33856.82,248.928842,37.6799377921,49.488201453,40.0415905243
2021-07-08,33849.49,33910.81,32082.19,32865.32,409.384321,37.6748911549,49.7568827221,40.0912894683
2021-07-09,32825.9,34098.94,32269.96,33800.0,219.250004,37.4752290425,53.9499889268,40.7701810193
2021-07-10,33809.13,34259.02,33037.11,33521.39,144.937288,37.6746935978,50.0312474065,40.1460043595
2021-07-11,33507.55,34608.53,33315.62,34219.66,114.949624,37.6873393937,49.8794357123,40.1257586574
2021-07-12,34257.39,34672.14,32660.9,33095.72,222.171472,37.4831842651,54.65686778,40.9179209681
2021-07-13,33080.47,33333.33,32212.0,32735.35,229.918775,33.5460834784,54.6904157717,37.774949937
2021-07-14,32720.31,33101.8,31592.44,32833.28,315.796934,33.5773657761,56.8838448935,38.2386615996
2021-07-15,32804.36,33190.35,31146.74,31880.94,268.997992,33.5536132203,52.2018193731,37.2832544509
2021-07-16,31868.53,32246.13,31032.34,31384.87,241.814452,33.5761259383,52.4819873749,37.3572982256
2021-07-17,31373.98,31962.49,31173.03,31496.21,154.382012,52.8360695439,53.758501116,53.0205558583
2021-07-18,31485.79,32440.18,31111.12,31772.22,148.102181,33.5892914564,51.5267665877,37.1767864826
2021-07-19,31796.51,31893.64,30418.08,30807.0,221.956478,17.8751388836,60.9767638775,26.4954638824
2021-07-20,30836.68,31058.04,29285.64,29793.14,311.156764,9.9266920454,61.0917534621,20.1597043288
2021-07-21,29817.41,32827.16,29485.51,32137.9,508.029604,9.9300729123,61.4055018611,20.225158702
2021-07-22,32136.1,32585.53,31717.4,32288.45,210.069007,26.9914185468,61.3547563507,33.8640861076
2021-07-23,32309.79,33629.45,31988.51,33617.19,253.381513,17.8790173833,61.4754313725,26.5983001811
2021-07-24,33631.54,34487.56,33406.18,34256.95,206.847126,35.4773960828,61.3762169733,40.6571602609
2021-07-25,34257.61,35400.0,33859.48,35376.42,182.421594,53.5782756503,54.2164442985,53.7059093799
2021-07-26,35400.17,40552.97,35228.72,37238.35,1520.271596,81.9841383807,61.8601843525,77.9593475751
2021-07-27,37228.04,39539.28,36388.38,39451.15,1240.66946,95.9077745358,59.9641130701,88.7190422427
2021-07-28,39478.73,40904.2,38801.68,40004.07,1508.581574,96.1225547617,61.3463825439,89.1673203181
2021-07-29,40015.28,40638.33,39246.14,40024.95,690.60712,95.927957037,61.2996503705,89.0022957037
2021-07-30,40036.67,42304.59,38319.41,42184.71,880.797299,96.0371618719,61.5097391528,89.1316773281
2021-07-31,42202.67,42406.06,41042.3,41467.43,613.804641,95.9521670238,61.9527077438,89.1522751678
2021-08-01,41454.28,42572.97,39435.07,39867.61,726.429297,95.9579351704,53.9357,87.5534881363
2021-08-02,39854.9,40448.59,38690.0,39134.75,720.230539,95.9609872103,49.53,86.6747897683
2021-08-03,39131.81,39772.59,37624.27,38207.64,854.945391,95.9636861724,50.3406,86.8390689379
2021-08-04,38187.16,39960.18,37502.81,39717.83,910.347618,95.9657139852,49.8071,86.7339911881
2021-08-05,39734.44,41351.73,37324.64,40850.68,949.729226,96.0732377331,53.8583,87.6302501865
2021-08-06,40879.64,43357.2,39871.81,42778.58,1078.789467,95.9935778258,53.6885,87.5325622607
2021-08-07,42840.78,44703.76,42466.76,44569.13,739.671574,95.9957326626,53.5718,87.5109461301
2021-08-08,44591.85,45323.78,43267.87,43800.1,897.223522,96.0207300267,57.5880245714,88.3341889356
2021-08-09,43787.81,46450.0,42792.26,46259.86,898.425457,96.0412399719,57.4355266679,88.3200973111
2021-08-10,46266.87,46729.77,44646.75,45607.09,536.456836,96.1660069346,57.463661554,88.4255378585
2021-08-11,45571.98,46756.6,45337.43,45514.26,572.938043,96.147345963,56.0937340441,88.1366235792
2021-08-12,45514.26,46225.03,43774.29,44413.58,802.047075,96.1231292926,56.0725699715,88.1130174284
2021-08-13,44417.93,47887.04,44232.45,47810.29,571.206019,98.0691906099,56.0646256473,89.6682776174
2021-08-14,47808.98,48142.35,46007.85,47057.95,525.211238,92.1207764336,49.2896999193,83.5545611307
2021-08-15,47088.11,47369.86,45498.97,47026.59,444.754706,96.0221179735,49.4936431393,86.7164230066
2021-08-16,46968.06,48042.76,45666.66,45910.68,601.57376,96.0425376014,52.7901012844,87.392050338
2021-08-17,45892.51,47165.41,44387.37,44684.76,560.283212,96.1926237776,56.70018242,88.294135506
2021-08-18,44687.23,46015.73,44210.52,44712.79,553.942528,83.4371868332,56.6929738317,78.0883442329
2021-08-19,44719.39,47037.31,43946.05,46766.09,571.692102,83.2684108607,56.4989094316,77.9145105749
2021-08-20,46773.08,49398.55,46654.37,49330.28,530.624469,98.1242135535,56.493685243,89.7981078914
2021-08-21,49326.73,49786.94,48250.0,48828.44,423.011787,96.0633809431,56.5817428574,88.1670533259
2021-08-22,48811.93,49491.21,48053.85,49237.98,334.488609,98.0959926364,56.3853359918,89.7538613074
2021-08-23,49256.32,50519.73,49033.55,49511.25,347.963542,96.0247740645,56.4401657581,88.1078524032
2021-08-24,49471.73,49855.83,47600.74,47687.62,408.902002,98.0270887109,56.2313303198,89.6679370327
2021-08-25,47691.39,49249.38,47124.15,48992.13,317.386566,95.9750306219,58.4896371429,88.4779519261
2021-08-26,48981.39,49352.48,46289.31,46832.32,493.754659,95.9381535666,57.8921035191,88.3289435571
2021-08-27,46853.72,49145.45,46346.8,49065.69,342.391413,95.9363866816,59.0454243164,88.5581942085
2021-08-28,49058.85,49294.85,48351.66,48893.12,196.051516,96.0387984107,58.6171163969,88.554462008
2021-08-29,48904.82,49625.73,47766.64,48766.23,286.036849,96.0356532969,58.1570888706,88.4599404116
2021-08-30,48766.23,48864.24,46860.25,46973.36,330.597106,96.0791342622,59.1552966106,88.6943667319
2021-08-31,46971.17,48244.76,46700.0,47104.02,286.739779,96.1772660531,56.3572368694,88.2132602164
2021-09-01,47094.77,49154.87,46523.64,48824.52,310.557194,83.2318397341,56.4927112196,77.8840140312
2021-09-02,48824.63,50368.39,48599.52,49262.09,350.822048,83.224893031,56.3934725759,77.85860894
2021-09-03,49261.75,51036.51,48344.77,50006.77,526.533146,96.0150508364,56.0218599656,88.0164126623
2021-09-04,49993.48,50527.47,49374.49,49924.04,214.21538,96.0181210528,55.2256198429,87.8596208108
2021-09-05,49938.74,51884.48,49461.18,51766.08,223.970273,95.923010355,54.8377164973,87.7059515835
2021-09-06,51771.94,52777.26,51000.0,52670.46,306.111485,96.0106533301,54.8953709857,87.7875968612
2021-09-07,52655.13,52921.17,42842.06,46854.08,1137.487028,83.2172895402,54.3752437637,77.4488803849
2021-09-08,46852.57,47332.92,44404.0,46076.92,848.989813,83.8090154914,54.3367554119,77.9145634755
2021-09-09,46063.39,47399.7,45523.81,46376.72,487.663798,83.5153824255,53.6039784273,77.5331016259
2021-09-10,46370.43,47046.55,44129.41,44855.96,465.792272,58.9331229129,51.8074628441,57.5079908991
2021-09-11,44838.69,45988.21,44722.75,45148.04,247.914549,59.3262056801,51.708366549,57.8026378538
2021-09-12,45162.55,46482.91,44747.08,46027.77,225.996135,39.1109650956,52.1445223298,41.7176765425
2021-09-13,46032.51,46868.0,43400.01,44966.38,769.224898,59.106881575,52.06850492,57.699206244
2021-09-14,44953.61,47253.93,44646.41,47115.67,401.86439,59.1033845281,52.2055629578,57.723820214
2021-09-15,47088.05,48449.82,46693.49,48122.51,242.342119,39.1060277525,52.4465350837,41.7741292187
2021-09-16,48132.64,48483.87,47019.16,47778.21,235.202393,39.6144137344,52.3036490871,42.152260805
2021-09-17,47761.34,48149.99,46750.0,47297.06,321.851847,39.6154873932,52.3563905027,42.1636680151
2021-09-18,47297.06,48822.96,47043.47,48298.24,309.632992,39.7039716168,52.3087609768,42.2249294888
2021-09-19,48280.26,48358.1,46841.36,47253.0,317.519974,39.3062068101,52.2394358559,41.8928526193
2021-09-20,47260.38,47335.39,42477.34,43024.3,1333.091361,35.1000162885,52.8519955799,38.6504121468
2021-09-21,43017.59,43628.08,39601.76,40711.34,670.608756,17.7944059619,52.6014252047,24.7558098104
2021-09-22,40742.78,44044.97,40573.44,43569.32,308.481947,21.7994728497,52.6291637578,27.9654110313
2021-09-23,43545.89,44970.0,43081.39,44873.52,492.04772,21.7915416237,51.5927117413,27.7517756473
2021-09-24,44856.8,45166.9,40701.68,42825.93,495.596922,21.7894441108,51.0820228628,27.6479598612
2021-09-25,42816.59,42971.84,41660.34,42691.47,428.330488,21.9996328707,51.1686321774,27.833432732
2021-09-26,42674.74,43947.66,40753.56,43157.31,299.6972,21.7924808152,51.1524063454,27.6644659213
2021-09-27,43138.88,44357.56,42101.09,42163.05,207.507216,21.8865970807,51.6726806257,27.8438137897
2021-09-28,42135.62,42761.9,40878.18,41027.56,212.982702,21.9932605788,51.2693988565,27.8484882344
2021-09-29,41027.56,42600.0,40753.27,41540.88,159.839779,17.8795115474,51.1257360192,24.5287564418
2021-09-30,41540.87,44107.61,41413.79,43814.04,230.712581,37.6470681082,51.0381637611,40.3252872388
2021-10-01,43825.91,48454.35,43296.61,48141.86,434.783915,57.7792218212,52.1122978916,56.6458370353
2021-10-02,48141.86,48329.32,47432.44,47673.42,92.462526,57.7964148193,51.6946198492,56.5760558252
2021-10-03,47652.54,49213.41,47085.02,48193.6,140.454943,82.2947061179,51.7796089886,76.191686692
2021-10-04,48188.92,49490.82,46902.4,49209.86,231.397469,96.0013065,51.7437382269,87.1497928454
2021-10-05,49209.98,51887.58,49048.35,51472.55,242.549091,95.9221491666,52.1785629954,87.1734319324
2021-10-06,51453.36,55763.34,50399.09,55314.08,578.993271,96.0142700174,52.5689254847,87.3252011108
2021-10-07,55326.96,55335.86,53372.79,53759.47,319.263736,96.0187984113,52.0457060776,87.2241799446
2021-10-08,53786.77,56108.63,53626.09,53931.59,202.765858,96.0243615164,52.095609219,87.2386110569
2021-10-09,53974.27,55469.69,53673.33,54909.73,94.383476,96.022981897,50.7387944775,86.9661444131
2021-10-10,54929.4,56517.37,54106.64,54632.2,159.560014,96.012973529,50.9258442624,86.9955476757
2021-10-11,54650.0,57828.75,54425.55,57472.39,196.150945,96.0180513093,51.2137162363,87.0571842947
2021-10-12,57452.25,57667.6,53918.36,56008.43,304.384578,95.9130097052,51.0609581211,86.9425993884
2021-10-13,55994.38,57767.57,54243.01,57381.02,330.799268,95.9276924602,50.9616870273,86.9344913736
2021-10-14,57374.38,58522.72,56838.93,57323.25,257.861185,95.9378171516,50.1829106305,86.7868358474
2021-10-15,57335.18,62921.75,56868.66,61692.71,568.478276,96.0469765575,50.4319895138,86.9239791488
2021-10-16,61705.9,62355.71,60152.52,60875.66,193.45106,98.0314938265,50.4827689942,88.52174886
2021-10-17,60882.41,61765.36,58950.0,61522.79,264.328583,95.9303890124,50.6766316159,86.8796375331
2021-10-18,61558.1,62697.12,59887.66,62069.63,363.712873,96.0329602479,50.4497749718,86.9163231927
2021-10-19,62035.82,64470.07,61361.15,64287.6,535.998815,96.0419372619,50.4994059581,86.9334310012
2021-10-20,64300.48,67018.63,63511.28,66010.31,368.213992,98.0467318186,51.0637805482,88.6501415645
2021-10-21,65991.72,66642.09,62003.91,62202.64,527.213957,96.0188451199,51.1972474687,87.0545255896
2021-10-22,62202.64,63718.37,60022.06,60701.38,355.27964,84.2005640619,51.2149913499,77.6034495195
2021-10-23,60666.1,61729.12,59602.68,61291.02,146.715675,84.5010000005,52.5510865282,78.111017306
2021-10-24,61312.35,61456.99,59525.69,60869.33,190.081443,83.5074542876,51.9336310992,77.1926896499
2021-10-25,60886.74,63723.55,60644.15,63079.59,182.497893,83.508128031,51.1443811275,77.0353786503
2021-10-26,63099.08,63287.36,59852.95,60312.97,216.903533,83.0138273522,53.3213943348,77.0753407487
2021-10-27,60301.41,61475.81,58035.54,58409.03,408.39149,79.0450795366,50.3616760468,73.3083988386
2021-10-28,58435.87,62459.33,57802.53,60596.98,626.118139,83.510094137,50.9920668232,77.0064886743
2021-10-29,60564.1,62955.51,60188.25,62252.25,396.651846,84.5014395959,50.8589621697,77.7729441107
2021-10-30,62275.71,62355.63,60732.29,61870.93,231.412042,83.0208985615,51.3584802529,76.6884148998
2021-10-31,61882.1,62389.28,59967.91,61311.4,262.520374,79.1394462856,49.2185257312,73.1552621747
2021-11-01,61336.41,62428.57,59430.32,60913.6,353.261199,79.6549422058,48.0661697815,73.3371877209
2021-11-02,60891.41,64266.13,60650.37,63180.46,301.599019,92.2573789365,57.7113028666,85.3481637225
2021-11-03,63224.11,63514.5,60069.42,62896.54,399.915045,92.4345237714,45.3088867633,83.0093963698
2021-11-04,62912.21,63115.47,60678.25,61424.36,322.759893,92.3039890359,59.6013632722,85.7634638832
2021-11-05,61383.49,62584.47,60727.49,60975.0,233.404191,92.3051001744,60.0793661591,85.8599533713
2021-11-06,60924.14,61550.72,60068.81,61465.74,167.22456,92.2618520798,59.3345658738,85.6763948386
2021-11-07,61465.74,63282.63,61317.02,63266.35,196.214406,98.0039326678,42.1248663846,86.8281194112
2021-11-08,63266.35,67773.37,63266.35,67530.41,415.196129,96.0119178298,59.3675169704,88.6830376579
2021-11-09,67548.75,68534.87,66230.0,66902.74,324.379486,96.0136646026,59.5251906943,88.7159698209
2021-11-10,66956.22,69011.86,62876.09,64922.02,572.386663,95.9155213727,59.7451142872,88.6814399556
2021-11-11,64839.59,65595.87,64112.24,64781.2,263.199936,95.9148727976,60.423870407,88.8166723195
2021-11-12,64781.2,65455.1,62254.23,64163.06,320.149399,92.4106390663,59.9371029309,85.9159318392
2021-11-13,64120.23,64961.44,63382.24,64374.97,105.074003,98.007683704,59.6549864901,90.3371442612
2021-11-14,64412.42,65512.38,63588.82,65512.38,173.664208,98.0081001265,59.9915956426,90.4047992298
2021-11-15,65504.62,66323.84,63414.52,63601.17,205.837938,78.7800029523,54.6052792446,73.9450582107
2021-11-16,63611.74,63611.74,58562.5,60082.69,663.185431,55.6292703795,55.2620847742,55.5558332584
2021-11-17,60056.9,60815.33,58383.53,60359.33,285.343089,35.2177745235,56.1986673119,39.4139530812
2021-11-18,60356.32,60968.31,56459.84,56893.67,558.469064,27.3057454107,54.3655606856,32.7177084657
2021-11-19,56878.24,58325.33,55589.06,58055.9,304.339564,27.3036622818,55.700258724,32.9829815702
2021-11-20,58083.08,59840.82,57373.63,59691.07,182.640552,35.5197314776,55.465814354,39.5089480529
2021-11-21,59699.3,60015.0,58511.38,58636.83,155.736444,35.5060288152,56.9501307304,39.7948491983
2021-11-22,58612.01,59419.76,55610.03,56270.12,454.657021,17.7971883177,53.6443933808,24.9666293303
2021-11-23,56233.11,57850.46,55373.29,57557.38,506.736364,17.899864077,55.9251806679,25.5049273952
2021-11-24,57562.46,57722.85,55882.76,57181.79,318.365728,17.8998017502,49.4283130318,24.2055040066
2021-11-25,57146.09,59386.73,57002.23,58920.0,310.981716,17.8919839089,48.7106415434,24.0557154358
2021-11-26,58990.0,59177.7,53484.35,53738.41,551.084731,17.7996770916,48.6971364176,23.9791689568
2021-11-27,53720.4,55272.05,53623.82,54781.48,118.654099,17.8845287572,47.5101053021,23.8096440662
2021-11-28,54607.42,57427.05,53293.11,57315.18,202.788018,17.8839373971,47.5790979239,23.8229695025
2021-11-29,57318.34,58850.29,56676.38,57785.64,218.608689,17.8850916482,48.2098279301,23.9500389046
2021-11-30,57774.66,59169.19,55873.06,56938.26,364.147211,21.792301979,44.6683933797,26.3675202592
2021-12-01,56975.25,59037.85,56468.39,57211.7,241.850967,17.7847032779,45.8040508024,23.3885727828
2021-12-02,57178.62,57368.02,55789.75,56520.76,167.960101,21.7861738003,45.0124655372,26.4314321477
2021-12-03,56544.33,57601.83,51694.02,53624.36,342.88023,9.9518215332,53.8422034169,18.7298979099
2021-12-04,53647.22,53854.41,41582.75,49181.98,1029.99014,9.9356718311,52.4834486486,18.4452271946
2021-12-05,49189.69,49681.1,47760.62,49391.47,225.157464,9.9197781244,53.4466711922,18.625156738
2021-12-06,49393.93,50901.02,47146.36,50479.63,340.80653,9.9164380345,54.6799447079,18.8691393692
2021-12-07,50455.88,51923.92,50028.51,50571.59,186.483445,9.9121019623,52.4873037248,18.4271423148
2021-12-08,50591.23,51182.86,48612.97,50434.23,177.887907,9.9028315615,45.7911526006,17.0804957693
2021-12-09,50500.12,50790.76,47319.19,47597.02,193.241055,9.8957808929,56.3328792079,19.1832005559
2021-12-10,47660.32,50094.97,46879.9,47155.25,269.083313,9.8893790936,45.8028086877,17.0720650124
2021-12-11,47136.61,49473.68,46754.34,49381.58,137.503939,9.8851612203,45.7761560011,17.0633601765
2021-12-12,49401.13,50769.99,48651.42,50065.68,180.681341,25.2751574924,53.1417239086,30.8484707757
2021-12-13,50049.14,50176.72,45733.1,46742.7,358.027503,25.2929776403,54.2402415284,31.0824304179
2021-12-14,46649.95,48658.32,46290.46,48348.14,187.918934,25.3314874872,54.4670774902,31.1586054878
2021-12-15,48348.14,49475.15,46554.14,48856.83,356.123007,25.3315522112,45.7598045088,29.4172026707
2021-12-16,48860.61,49421.34,47508.64,47645.98,144.114739,25.6080471478,54.2515444032,31.3367465989
2021-12-17,47589.97,47981.39,45471.15,46198.74,176.837447,25.6623518235,53.0226666106,31.1344147809
2021-12-18,46127.67,47338.53,45517.26,46833.79,74.661085,25.5625868963,45.3326499324,29.5165995035
2021-12-19,46806.02,48296.15,46419.83,46687.36,98.544189,25.6629957148,52.1639558871,30.9631877493
2021-12-20,46670.19,47528.65,45566.09,46895.53,116.857343,25.6638718565,53.4867495378,31.2284473928
2021-12-21,46925.88,49296.54,46666.66,48860.67,157.793341,29.5687258327,53.9965645568,34.4542935775
2021-12-22,48917.45,49556.78,48447.73,48583.5,101.194079,37.4116562306,55.1025501764,40.9498350198
2021-12-23,48626.93,51378.06,48020.2,50789.62,146.365645,37.6409981639,53.9015686022,40.8931122516
2021-12-24,50840.26,51818.46,50424.24,50801.29,90.465869,37.4823739234,54.176924939,40.8212841265
2021-12-25,50836.15,51140.54,50131.56,50418.07,55.915901,57.2725696228,54.6239484512,56.7428453885
2021-12-26,50390.05,51300.0,49433.78,50752.76,85.915949,57.763552887,54.8262963481,57.1761015792
2021-12-27,50771.09,52082.54,50458.74,50662.87,107.132944,57.7846842399,54.8421053906,57.19616847
2021-12-28,50708.38,50708.38,47315.88,47533.28,183.875966,57.7591398522,52.3432093353,56.6759537488
2021-12-29,47570.65,48138.91,46099.81,46436.79,134.338882,39.3916445644,53.7815402974,42.269623711
2021-12-30,46475.35,47895.8,45942.1,47135.98,123.647337,31.2904098948,54.0118078141,35.8346894786
2021-12-31,47105.87,48559.05,45669.33,46213.76,158.73882,14.0769647447,54.524198334,22.1664114626
2022-01-01,46192.43,47939.39,46192.43,47737.6,108.92603,13.9888088279,53.8081989352,21.9526868494
2022-01-02,47716.44,47975.79,46675.97,47339.15,86.077014,14.0773927084,53.6082162679,21.9835574203
2022-01-03,47300.67,47573.7,45688.53,46438.64,134.352863,13.9888257321,54.4677556786,22.0846117214
2022-01-04,46494.93,47535.3,45518.0,45849.98,98.406846,9.9396823443,54.6696354592,18.8856729672
2022-01-05,45838.76,47056.53,42504.51,43438.22,282.935453,9.9317817409,53.0685654722,18.5591384872
2022-01-06,43438.22,43769.41,42416.13,43142.34,148.216362,9.9234119662,54.154554,18.769640373
2022-01-07,43100.84,43145.95,40595.47,41544.89,325.36647,9.9141315817,49.0490814513,17.7411215556
2022-01-08,41625.05,42318.07,40502.75,41691.66,180.698146,9.9156215855,52.1630200157,18.3651012715
2022-01-09,41696.34,42784.53,41221.57,41874.55,115.056972,9.9064709997,54.4684441453,18.8188656288
2022-01-10,41842.71,42225.13,39653.48,41816.54,292.533467,9.8991348022,53.1930386939,18.5579155806
2022-01-11,41840.61,43104.42,41271.84,42745.68,211.780839,9.9011777185,49.306369227,17.7822160202
2022-01-12,42742.1,44306.78,42439.0,43904.77,166.471703,14.0666508612,52.7627150281,21.8058636946
2022-01-13,43930.4,44422.59,42322.19,42543.91,219.541583,25.3631261269,54.9934871385,31.2891983293
2022-01-14,42585.13,43441.29,41770.37,43075.54,153.185975,25.650506939,55.1547993509,31.5513654214
2022-01-15,43062.89,43789.47,42565.65,43075.87,131.652068,33.154422129,50.0954661563,36.5426309344
2022-01-16,43082.67,43478.57,42606.27,43070.22,188.783103,37.147576954,49.7521895394,39.6684994711
2022-01-17,43087.26,43173.19,41553.63,42205.13,109.542755,33.1131657693,55.2930871491,37.5491500452
2022-01-18,42214.43,42681.88,41276.22,42361.58,131.986052,37.6454486312,55.2800103273,41.1723609704
2022-01-19,42364.8,42561.91,41151.51,41660.51,222.694618,37.4493014681,50.2161696007,40.0026750946
2022-01-20,41664.64,43505.05,40564.54,40690.58,241.916092,37.1454394567,50.6886743663,39.8540864386
2022-01-21,40675.63,41093.77,35450.11,36474.82,820.242503,13.9809611732,55.2552083132,22.2358106012
2022-01-22,36445.31,36832.05,34026.25,35072.22,649.453953,9.8884779057,55.523791786,19.0155406817
2022-01-23,35083.42,36500.0,34613.26,36264.17,323.141616,9.8768869223,54.2697553147,18.7554606007
2022-01-24,36254.02,37529.16,32946.64,36638.61,848.892627,9.8702259858,55.8493472989,19.0660502484
2022-01-25,36674.79,37534.02,35698.66,36944.5,166.719889,9.8668500927,55.6853026289,19.0305405999
2022-01-26,36970.03,38899.87,36263.62,36806.1,260.837572,9.8675684372,55.5153728931,18.9971293284
2022-01-27,36721.62,37222.22,35521.43,37189.32,194.804451,9.8627899744,56.0515926497,19.1005505094
2022-01-28,37166.12,38000.0,36173.91,37745.25,117.730098,9.8708295718,50.5358963038,18.0038429182
2022-01-29,37743.43,38710.64,37304.95,38155.0,166.421527,17.8987534834,50.9175918567,24.5025211581
2022-01-30,38161.39,38367.74,37346.43,37917.6,123.075997,17.898813767,50.7105219755,24.4611554087
2022-01-31,37937.51,38731.81,36633.56,38477.61,232.94102,17.798991677,51.0281180128,24.4448169442
2022-02-01,38471.0,39290.74,38011.11,38694.4,294.273931,17.8987722213,51.1365570004,24.5463291771
2022-02-02,38721.1,38857.95,36596.2,36907.94,202.048585,17.7988591883,50.8719517349,24.4134776976
2022-02-03,36901.29,37354.27,36256.76,37296.17,227.736013,17.8989117137,51.054434737,24.5300163183
2022-02-04,37333.73,41786.18,37039.57,41578.7,478.786058,17.8627839195,56.4813187766,25.5864908909
2022-02-05,41578.72,41913.84,40938.83,41413.49,182.508622,81.9514609559,54.3634847827,76.4338657212
2022-02-06,41450.64,42668.93,41125.74,42412.6,156.954855,57.2951338072,54.7623043987,56.7885679255
2022-02-07,42407.23,44502.93,41652.86,43822.1,343.48216,82.2520525662,54.7257433237,76.7467907177
2022-02-08,43854.64,45483.41,42673.45,44027.06,458.743737,82.0841429722,55.6949357681,76.8063015314
2022-02-09,44081.06,44803.47,43136.03,44382.13,266.098958,82.2952426631,56.941742966,77.2245427237
2022-02-10,44393.58,45827.12,43182.61,43489.69,699.980349,96.0029067457,56.0976753174,88.0218604601
2022-02-11,43468.76,43916.66,41946.24,42398.13,351.878349,82.7026309009,51.6941244513,76.500929611
2022-02-12,42366.25,43000.25,41714.68,42252.67,178.724378,96.0143542635,55.3925178013,87.8899869711
2022-02-13,42236.48,42753.36,41873.25,42032.23,100.461391,98.0010078728,51.7980845397,88.7604232062
2022-02-14,42087.0,42837.67,41563.49,42541.22,206.496837,95.903043813,55.9310528132,87.908645613
2022-02-15,42558.44,44742.18,42446.68,44536.2,235.731616,95.9049921248,55.6031452668,87.8446227532
2022-02-16,44561.6,44561.6,43318.04,43892.43,130.720181,96.0070423735,55.4441292252,87.8944597438
2022-02-17,43865.89,44157.76,40071.06,40564.25,359.031834,83.9161982299,55.084198179,78.1497982197
2022-02-18,40481.43,40994.37,39454.86,40010.25,282.172629,83.2221900973,54.8118086685,77.5401138116
2022-02-19,39983.62,40446.06,39650.23,40119.04,54.906016,75.0070685448,54.9086319893,70.9873812337
2022-02-20,40099.81,40103.58,37988.68,38339.8,181.970588,26.9,46.4405637267,30.8081127453
2022-02-21,38427.93,39477.48,36811.44,37027.25,499.920163,9.9881837763,50.4589973414,18.0823464894
2022-02-22,37035.04,38414.17,36353.07,38211.48,313.154546,26.9989340507,50.9150719437,31.7821616293
2022-02-23,38239.0,39237.59,37062.43,37202.52,184.575756,9.9719676045,51.1966627747,18.2169066385
2022-02-24,37225.4,39788.79,34316.84,38297.1,788.816769,26.8972106117,51.7142292727,31.8606143439
2022-02-25,38330.65,39678.96,38013.13,39221.12,255.70831,26.8980093325,51.5750921995,31.8334259059
2022-02-26,39201.13,40283.92,38586.13,39111.11,142.971765,26.8980598418,51.3497892797,31.7884057294
2022-02-27,39129.2,39850.71,36999.09,37691.03,282.099937,9.9631171986,51.1157823435,18.1936502276
2022-02-28,37690.35,44209.56,37442.99,43170.95,585.939547,44.9771458207,53.4489535724,46.671507371
2022-03-01,43193.64,44950.0,42844.8,44396.56,242.320383,45.5993884799,48.6164899312,46.2028087702
2022-03-02,44400.0,45300.0,43343.96,43925.39,289.671327,87.7005011467,43.107226158,78.781846149
2022-03-03,43848.26,44085.03,41823.29,42466.67,141.903472,84.6164972718,45.2744852434,76.7480948661
2022-03-04,42476.78,42504.22,38565.08,39123.41,158.787156,70.9069064628,42.6773895112,65.2610030725
2022-03-05,39128.91,39597.29,38586.13,39405.13,76.470685,46.1021280037,56.0018349113,48.0820693852
2022-03-06,39381.39,39678.96,38075.6,38403.71,124.69034,25.5992131634,56.2633571934,31.7320419694
2022-03-07,38398.05,39541.2,37153.29,38000.0,162.718685,9.9896334543,51.9603343127,18.383773626
2022-03-08,37979.03,39359.38,37880.62,38760.68,170.05626,9.9856577803,52.3565783335,18.4598418909
2022-03-09,38709.43,42662.68,38656.31,41946.36,278.60096,50.9999856894,52.5977204859,51.3195326487
2022-03-10,41965.73,42057.09,38550.97,39405.57,308.395251,27.4995719854,55.6046007114,33.1205777306
2022-03-11,39433.86,40222.22,38229.88,38737.06,186.321679,27.5968161114,55.6429502768,33.2060429445
2022-03-12,38730.94,39456.79,38664.07,38831.47,72.765824,9.9852440154,55.9743619613,19.1830676046
2022-03-13,38794.64,39312.15,37591.9,37801.76,91.257149,13.9965798513,51.580458838,21.5133556486
2022-03-14,37775.87,39907.26,37565.35,39678.82,105.331676,9.9803009211,56.7853908367,19.3413189042
2022-03-15,39689.38,39878.76,38130.01,39323.72,116.456684,17.8932494394,55.9691733018,25.5084342119
2022-03-16,39300.53,41693.93,38851.4,41130.24,326.952225,34.9982981126,56.0177562212,39.2021897343
2022-03-17,41106.25,41457.33,40510.27,40928.58,88.30345,38.9994427808,56.3017976103,42.4599137467
2022-03-18,40921.53,42325.56,40161.91,41740.59,104.403429,38.4999735032,57.9858394445,42.3971466915
2022-03-19,41814.57,42384.8,41518.77,42191.28,69.351241,83.5008658393,57.7040340999,78.3414994915
2022-03-20,42216.84,42278.03,40911.7,41210.22,80.230749,83.5018198013,57.5480271329,78.3110612676
2022-03-21,41259.74,41537.18,40490.29,41026.23,91.883464,83.9060936914,57.4237700989,78.6096289729
2022-03-22,41000.78,43327.15,40888.53,42336.46,160.27039,96.0098103664,57.2895616008,88.2657606133
2022-03-23,42372.03,43025.16,41752.56,42899.87,123.224956,96.0147492624,57.2859116725,88.2689817444
2022-03-24,42896.38,44214.84,42611.81,43970.89,121.653184,98.004931465,57.3927781963,89.8825008113
2022-03-25,43970.9,45083.72,43569.36,44272.03,97.125217,98.0047301216,56.8578419569,89.7753524886
2022-03-26,44319.69,44788.05,44068.01,44540.58,43.22388,98.0050535566,56.710207874,89.7460844201
2022-03-27,44530.04,46974.31,44430.17,46829.01,107.16026,95.9077214573,56.7244742071,88.0710720073
2022-03-28,46818.97,48203.19,46663.72,47071.72,178.701275,96.0104575996,56.7242460505,88.1532152898
2022-03-29,47092.34,48101.76,46911.88,47423.0,93.715067,96.0139154786,57.3023824817,88.2716088792
2022-03-30,47453.01,47694.91,46543.42,46966.07,102.184306,96.0175520618,57.1597069259,88.2459830346
2022-03-31,47058.6,47601.77,45208.16,45483.67,100.26904,96.0350891087,56.4959946712,88.1272702212
2022-04-01,45492.82,46708.66,44229.11,46267.8,102.550555,96.0407094571,56.4519093547,88.1229494366
2022-04-02,46274.2,47207.71,45631.46,45808.74,90.287264,96.0407132196,55.2159739225,87.8757653602
2022-04-03,45798.39,47443.47,45506.33,46397.51,91.060307,96.0126890205,55.2457157772,87.8592943718
2022-04-04,46402.64,46881.5,45118.34,46586.31,116.845379,98.0252245753,55.1477785742,89.4497353751
2022-04-05,46600.33,47189.77,45373.43,45507.23,81.579477,95.9437703909,55.014751315,87.7579665757
2022-04-06,45478.05,45500.7,43127.38,43127.38,140.713292,83.51963913,55.4092244558,77.8975561952
2022-04-07,43158.72,43902.18,42743.1,43477.16,61.474214,84.2036073308,55.3927379979,78.4414334642
2022-04-08,43465.23,43975.83,42106.44,42287.25,85.41257,59.1152968486,55.4136384288,58.3749651647
2022-04-09,42240.35,42792.28,42131.46,42776.93,35.56458,59.0176831791,55.3154811382,58.2772427709
2022-04-10,42775.68,43410.43,41872.61,42082.48,62.878373,55.1159712674,54.7402161466,55.0408202432
2022-04-11,42082.25,42406.01,39211.5,39530.2,160.300553,27.5044247774,54.5991734301,32.923374508
2022-04-12,39529.98,40778.42,39260.45,40103.5,176.036963,9.9981837498,54.6500556878,18.9285581374
2022-04-13,40049.71,41566.78,39576.42,41133.85,181.517424,9.992093089,54.5499950695,18.9036734851
2022-04-14,41074.45,41492.74,39564.77,39905.52,104.642336,9.983383197,54.5985999372,18.906426545
2022-04-15,39942.37,40850.16,39777.49,40569.57,73.866847,9.9783947751,55.7966636081,19.1420485417
2022-04-16,40553.78,40702.54,40000.0,40377.6,51.376009,9.9739621298,55.7765709054,19.1344838849
2022-04-17,40377.6,40593.69,39550.0,39682.49,66.614673,9.9700690969,55.5040979344,19.0768748644
2022-04-18,39671.76,41077.28,38549.85,40816.76,200.170102,17.8996864647,55.1141247757,25.3425741269
2022-04-19,40804.2,41772.07,40577.18,41488.98,111.765252,17.8996933032,54.6869764471,25.257149932
2022-04-20,41480.93,42197.75,40847.45,41368.12,90.062711,37.6892786611,55.2450653676,41.2004360024
2022-04-21,41366.5,42966.94,39781.04,40489.91,163.413591,37.6862091441,55.041459582,41.1572592317
2022-04-22,40471.8,40789.48,39184.92,39720.26,133.77744,37.4935263612,55.3690286887,41.0686268267
2022-04-23,39709.18,39977.12,39283.86,39428.27,53.504524,37.4877843344,55.0206972402,40.9943669155
2022-04-24,39443.96,39927.78,38977.06,39434.87,123.038982,37.6871039106,55.000742204,41.1498315693
2022-04-25,39450.12,40595.71,38200.0,40424.99,268.125274,21.8921720885,54.9146429109,28.496666253
2022-04-26,40424.99,40784.28,37706.39,38131.45,172.764463,21.9933077467,55.0961593698,28.6138780713
2022-04-27,38119.83,39464.51,37887.0,39220.8,165.275804,21.890766842,55.0991542173,28.5324443171
2022-04-28,39240.6,40374.52,38887.29,39749.7,126.620153,21.9907863825,54.9837966001,28.589388426
2022-04-29,39749.6,39920.56,38179.9,38600.3,112.075083,21.9927275978,54.793866916,28.5529554614
2022-04-30,38594.59,38789.19,37585.99,37633.06,95.557287,21.9891904674,54.7931198864,28.5499763512
2022-05-01,37624.01,38667.84,37400.0,38485.9,108.478017,21.8814843321,54.9486757638,28.4949226184
2022-05-02,38482.82,39155.03,38049.85,38517.8,127.688289,21.8994665401,54.9506730648,28.509707845
2022-05-03,38519.49,38642.08,37526.35,37745.43,106.634445,17.8791953893,62.2217323523,26.7477027819
2022-05-04,37733.12,40058.21,37658.84,39671.2,124.32594,21.8995013925,62.2460701892,29.9688151519
2022-05-05,39690.25,39841.42,35603.03,36558.02,243.301604,17.7994469136,61.8649123342,26.6125399977
2022-05-06,36557.51,36680.3,35280.0,36023.1,170.427931,21.7993725562,62.0926320858,29.8580244621
2022-05-07,36016.63,36133.66,34792.87,35479.24,99.739475,17.8732268517,62.2561724775,26.7498159769
2022-05-08,35465.9,35517.56,33642.05,34063.7,156.691724,17.8992306756,61.4705729963,26.6134991398
2022-05-09,34067.56,34242.81,30055.99,30109.56,339.865718,9.9006551495,61.4318489264,20.2068939049
2022-05-10,30068.23,32637.33,29758.94,31017.98,892.510819,9.8839943079,56.9272010683,19.29263566
2022-05-11,31010.04,32148.74,27751.17,29113.86,1001.283521,9.8643529067,55.7308030566,19.0376429367
2022-05-12,29107.86,30223.66,26580.29,29034.65,795.111687,9.8465899151,55.7287159267,19.0230151174
2022-05-13,29034.84,31051.35,28768.0,29314.32,171.260599,9.8440754818,55.9417473534,19.0636098561
2022-05-14,29280.19,30327.58,28643.91,30086.0,81.873256,9.8308670964,55.2128864032,18.9072709577
2022-05-15,30102.07,31455.3,29489.88,31347.35,131.689876,25.6178258023,54.7830253621,31.4508657143
2022-05-16,31314.0,31317.62,29106.15,29878.68,259.534572,25.6128702447,55.0466125522,31.4996187062
2022-05-17,29883.67,30769.64,29460.93,30449.21,120.392453,25.6091188946,55.0075074724,31.4887966102
2022-05-18,30449.94,30713.8,28655.07,28655.07,165.389675,25.5035105975,54.9793747732,31.3986834326
2022-05-19,28712.19,30543.02,28694.5,30321.04,134.07165,25.600841803,55.0226365094,31.4852007443
2022-05-20,30306.58,30759.75,28736.62,29203.99,145.810354,25.6096004618,55.8319361266,31.6540675947
2022-05-21,29203.56,29647.2,28950.88,29441.37,87.59979,25.5341327427,55.4169652205,31.5106992382
2022-05-22,29441.37,30482.43,29265.65,30286.69,100.59313,29.5092587228,56.0906249548,34.8255319692
2022-05-23,30283.65,30661.51,28877.84,29092.0,212.201092,29.523243441,54.2528642231,34.5677926961
2022-05-24,29114.73,29853.83,28679.68,29663.83,95.132446,29.6465248144,54.2528642231,34.5677926961
2022-05-25,29642.59,30212.77,29344.02,29540.5,103.291255,29.5328031538,54.4444338078,34.5151292846
2022-05-26,29545.91,29879.31,28028.24,29218.87,226.679657,37.6574102676,54.5226180069,41.0304518154
2022-05-27,29188.43,29388.43,28262.79,28625.99,185.650949,37.6619870152,54.5162713528,41.0328438827
2022-05-28,28619.49,29242.53,28510.39,29042.26,64.546142,37.6252108764,48.5568881977,39.8115463407
2022-05-29,29031.49,29582.69,28841.76,29479.0,81.233107,37.5811620373,48.6370459517,39.7923388202
2022-05-30,29472.74,32200.0,29303.42,31760.68,197.533881,37.6491644236,48.8467583105,39.888683201
2022-05-31,31743.03,32400.0,30800.0,31785.26,370.734529,37.149929668,48.9626317531,39.512470085
2022-06-01,31814.89,31978.77,29341.06,29810.54,182.238895,37.462253744,50.2182938605,40.0134617673
2022-06-02,29805.98,30672.86,29600.0,30483.8,131.893465,37.4634447589,48.0951804018,39.5897918875
2022-06-03,30450.77,30700.02,29280.83,29704.16,93.371307,37.1700871364,48.1950128023,39.3750722696
2022-06-05,29871.06,30188.61,29533.88,29923.99,47.41567,37.4604645847,48.1923762118,39.6068469101
2022-06-06,29913.05,31759.8,29888.09,31389.07,211.125765,57.0974870604,48.0293479876,55.2838592459
2022-06-07,31380.08,31572.0,29227.88,31119.2,405.316011,38.9963053682,48.0928972193,40.8156237384
2022-06-08,31129.76,31321.79,29858.18,30210.32,236.655892,38.9965259681,47.2319836211,40.6436174987
2022-06-09,30205.09,30698.76,29950.95,30106.6,111.202978,38.7967428788,47.1987578233,40.4771458677
2022-06-10,30081.11,30361.83,28860.9,29092.31,416.234925,21.8994772737,47.2802503614,26.9756318912
2022-06-11,29101.47,29438.49,28116.09,28421.24,265.71722,21.8995061644,47.4483402843,27.0092729884
2022-06-12,28428.33,28543.9,26563.88,26605.92,490.741524,17.7771072619,47.4021986872,23.702125547
2022-06-13,26567.95,26878.97,21946.86,22491.54,2187.475274,9.910892308,47.2726894852,17.3832517434
2022-06-14,22478.08,23344.11,20850.78,22129.68,1720.92196,9.8821461822,47.2806820867,17.3618533631
2022-06-17,20410.04,21357.99,20246.03,20459.81,427.465932,9.8178982844,50.1474815253,17.8838149325
2022-06-18,20460.84,20753.25,17621.36,18981.18,1236.12136,9.7921214552,49.9553180677,17.8247607777
2022-06-19,18976.6,20816.54,17967.28,20573.02,1418.743834,9.7793726504,45.2275879911,16.8690157186
2022-06-20,20562.4,21071.27,19633.52,20581.14,740.705159,9.7705069914,45.8118549109,16.9787765753
2022-06-21,20570.01,21721.44,20360.62,20718.92,545.460148,9.7665126565,45.9514355216,17.0034972295
2022-06-22,20729.37,20893.74,19765.53,19990.66,1027.906551,9.75929076,45.8610548503,16.9796435781
2022-06-23,19985.54,21240.41,19886.1,21113.1,1154.579803,9.7603595391,45.7704118386,16.962369999
2022-06-24,21107.16,21554.67,20716.89,21232.7,1083.168323,25.5886144204,44.5586652773,29.3826245918
2022-06-25,21242.86,21609.07,20913.53,21492.57,473.342072,25.4915264893,43.6119805961,29.1156173107
2022-06-26,21489.82,21882.15,20979.11,21047.27,586.391143,25.3286294177,42.7892336872,28.8207502716
2022-06-27,21035.02,21538.4,20520.44,20729.39,706.578276,25.3306289353,42.9315145532,28.8508060588
2022-06-28,20735.95,21210.85,20197.04,20280.68,1245.63697,25.3332071111,43.8823035664,29.0430264022
2022-06-29,20275.2,20439.6,19851.47,20117.99,2589.682853,25.5326345714,44.1483744318,29.2557825435
2022-06-30,20129.62,20170.34,18634.59,19940.13,3450.195515,25.3321123317,44.1762652027,29.1009429059
2022-07-01,19956.33,20896.68,18938.8,19272.73,4278.957469,25.6332038112,45.9658534693,29.6997337428
2022-07-02,19284.64,19448.82,18985.87,19253.68,1978.595008,25.3342837426,45.9893952206,29.4653060382
2022-07-03,19250.87,19638.01,18771.29,19311.49,1181.20005,25.6339603655,45.8819945836,29.6835672091
2022-07-04,19318.17,20347.3,19056.52,20238.1,1863.170875,25.3289425407,45.7306497126,29.4092839751
2022-07-05,20233.33,20746.4,19303.99,20185.21,2856.16758,25.3175312168,45.1992998717,29.2938849478
2022-07-06,20179.63,20665.41,19764.9,20567.15,2200.783659,29.361636692,44.6916138371,32.427632121
2022-07-07,20569.34,21845.27,20265.0,21624.52,2048.788396,37.1774659286,45.5415233863,38.8502774201
2022-07-08,21631.89,22524.95,21181.81,21601.94,3201.803268,37.1823979643,45.1800129077,38.781920953
2022-07-09,21602.92,21966.62,21323.57,21585.81,1495.652609,37.4608843981,45.0427592759,38.9772593737
2022-07-10,21590.81,21601.25,20651.96,20857.32,1101.43485,33.4528657651,44.8219112681,35.7266748657
2022-07-11,20865.62,20866.66,19890.27,19963.13,1352.068799,17.7988162385,44.6662972845,23.1723124477
2022-07-14,20241.06,20887.74,19620.83,20589.95,2992.041014,38.7931197621,34.520045695,37.9385049487
2022-07-15,20586.9,21200.0,20379.3,20832.31,1681.772136,38.4990925423,34.5689283191,37.7130596977
2022-07-16,20824.26,21573.65,20480.1,21204.34,1305.40153,38.7943855533,34.6137946118,37.958267365
2022-07-17,21193.15,21666.3,20752.48,20784.16,577.679989,57.1840365524,34.6418519602,52.6755996339
2022-07-18,20794.4,22765.2,20775.26,22430.75,2076.845181,57.1858941268,34.6731800053,52.6833513025
2022-07-19,22446.97,23793.1,21592.03,23393.18,3743.369623,57.1947248956,34.7150505092,52.6987900183
2022-07-20,23390.04,24278.63,22919.55,23221.98,5606.13532,82.2649743959,36.2457732059,73.0611341579
2022-07-21,23216.53,23425.79,22346.27,23150.42,3376.162305,81.9978355874,34.9241437362,72.5830972171
2022-07-22,23145.95,23747.72,22506.79,22687.98,3357.28147,77.8973060633,34.9536109965,69.30856705
2022-07-23,22685.82,22999.46,21947.35,22450.41,2869.999605,92.3006796788,36.6013914874,81.1608220405
2022-07-24,22450.14,23025.24,22261.75,22588.97,1619.482936,95.90672966,35.1117266962,83.7477290672
2022-07-25,22582.59,22666.41,21257.04,21307.76,2987.433268,95.9041993555,35.0985495897,83.7430694023
2022-07-26,21305.21,21346.09,20718.0,21259.41,2532.128467,83.9006405285,35.3695904658,74.194430516
2022-07-27,21260.37,23098.85,21044.05,22946.39,1717.760383,84.5003641506,35.9126976091,74.7828308423
2022-07-28,22959.62,24190.66,22581.44,23843.83,1805.848049,98.0060909832,37.6926463217,85.9434020509
2022-07-29,23837.99,24435.82,23428.58,23771.51,1454.793503,96.0096418368,35.9594666423,83.9996067979
2022-07-30,23767.77,24663.55,23514.76,23640.17,903.628945,98.0063260007,35.9398225395,85.5930253085
2022-07-31,23639.65,24182.58,23230.54,23298.8,800.672856,96.0373599545,36.1138948771,84.052666939
2022-08-01,23291.35,23497.99,22851.0,23273.67,1304.906669,92.2332512702,36.5143607634,81.0894731689
2022-08-02,23271.66,23448.27,22656.61,22981.68,1539.217691,84.6424078887,36.3483605728,74.9835984255
2022-08-03,22984.1,23641.97,22680.67,22820.42,1816.090399,84.6470421134,36.5589393627,75.0294215633
2022-08-04,22812.4,23219.5,22402.71,22609.71,2488.694177,87.7062890544,36.4085095634,77.4467331562
2022-08-05,22617.04,23463.62,22589.36,23318.34,1906.857334,91.5249250791,36.5146241648,80.5228648963
2022-08-06,23317.87,23349.22,22914.29,22951.63,670.121366,91.6037774165,36.536608259,80.590343585
2022-08-07,22954.5,23388.88,22847.27,23174.87,619.753176,91.60442274,36.6003588564,80.6036099633
2022-08-08,23178.64,24245.69,23155.54,23810.28,1607.526521,90.0193698445,36.5742632407,79.3303485237
2022-08-09,23804.79,23921.09,22868.3,23150.08,1741.707609,90.1206658616,36.6487765981,79.4262880089
2022-08-10,23144.72,24222.97,22655.03,23951.04,1567.681602,91.6075901045,50.977246979,83.4815214794
2022-08-11,23956.24,24917.48,23851.16,23932.84,1981.491525,91.5078165735,51.0945721183,83.4251676824
2022-08-12,23941.94,24449.95,23586.35,24402.87,2169.536481,91.5118096096,50.5968750386,83.3288226954
2022-08-13,24400.03,24889.0,24297.29,24436.08,1509.997544,88.1957945214,50.614846826,80.6796049823
2022-08-14,24447.26,25023.89,24147.32,24302.12,1348.468089,91.610117326,50.5877052077,83.4056349023
2022-08-15,24304.85,25203.74,23774.26,24091.64,2619.357313,91.5066365882,50.6016045342,83.3256301774
2022-08-16,24086.4,24246.26,23668.3,23855.92,2189.526464,91.6050457503,50.8246188297,83.4489603662
2022-08-17,23852.36,24440.72,23184.59,23348.83,2277.25595,91.5062730075,50.8584587625,83.3767101585
2022-08-18,23349.03,23594.25,23121.09,23195.31,951.515327,75.8265684555,50.9340277705,70.8480603185
2022-08-19,23188.04,23205.55,20775.0,20832.56,4078.528899,75.804005036,63.3581128314,70.8970889847
2022-08-20,20829.28,21361.92,20769.64,21138.83,1828.997659,31.3075654957,63.3618528417,37.7184229649
2022-08-21,21136.48,21790.22,21069.15,21509.5,771.872562,31.3788438774,63.0600555123,37.7150862044
2022-08-22,21519.5,21535.0,20900.0,21400.46,1731.944639,9.9839023594,63.0355869374,20.594239275
2022-08-23,21397.82,21678.28,20898.09,21524.41,1203.40484,9.9779631514,63.0564860556,20.5936677322
2022-08-24,21529.3,21892.46,21153.84,21370.41,2830.118038,9.9731838205,62.9882762978,20.576202316
2022-08-25,21371.07,21817.93,21312.78,21558.6,1231.683101,9.9697941582,63.0367816777,20.5831916621
2022-08-26,21562.6,21874.34,20110.85,20238.5,4106.088288,9.9669318614,62.9158695066,20.5567193904
2022-08-27,20236.28,20377.41,19681.97,20037.34,2215.27759,9.9486748965,62.9387933996,20.5466985971
2022-08-28,20039.53,20156.99,19426.83,19556.72,1070.142668,9.9366747211,62.9183417133,20.5330081196
2022-08-29,19552.0,20414.41,19547.27,20286.88,1728.63434,9.9279238144,62.8895963566,20.5202583228
2022-08-30,20289.94,20575.0,19543.78,19810.09,1734.783561,9.931016553,62.9601422756,20.5368416975
2022-08-31,19825.74,20488.0,19809.07,20050.08,1521.527283,9.9183060588,62.9577231347,20.526189474
2022-09-01,20054.12,20203.98,19566.32,20129.38,1599.563006,9.9170252825,62.8330723207,20.5002346901
2022-09-02,20132.25,20435.04,19754.7,19947.33,1554.226478,9.9148320038,63.1799821807,20.5678620392
2022-09-03,19954.47,20050.41,19659.54,19832.72,689.620971,9.9144811815,62.9195055177,20.5154860487
2022-09-04,19835.08,20023.48,19595.22,20009.24,834.438532,9.9107238877,63.119939285,20.5525669672
2022-09-05,20000.11,20052.34,19639.22,19786.73,1051.611546,9.91097843,63.1934387507,20.5674704941
2022-09-06,19799.82,20179.48,18659.02,18795.29,2514.231602,9.9127111915,63.2821100382,20.5865909608
2022-09-07,18791.56,19460.72,18536.82,19287.92,1839.668429,9.8978135511,63.3209538549,20.5824416119
2022-09-08,19296.53,19454.01,19015.54,19318.96,1745.170101,9.7466754576,63.3572740451,20.4687951751
2022-09-09,19319.92,21600.0,19295.65,21364.31,3067.609904,9.8491696839,63.3546883683,20.5502734208
2022-09-10,21366.14,21804.09,21122.78,21652.49,1428.819744,29.4842685511,58.8483413952,35.3570831199
2022-09-11,21652.5,21857.14,21350.91,21822.82,1158.949745,37.3240658485,63.4674136338,42.5527354056
2022-09-12,21821.17,22483.01,21554.28,22395.73,2891.757993,57.6348218255,58.8502247894,57.8779024183
2022-09-13,22396.19,22789.0,19895.31,20174.19,3546.425948,57.6931077015,58.9046119363,57.9354085485
2022-09-14,20159.64,20529.1,19619.62,20224.21,2355.785831,37.6156628922,58.8828504789,41.8691004095
2022-09-15,20219.2,20329.38,19495.88,19699.71,1783.2322,33.4462599802,58.704713992,38.4979507825
2022-09-16,19707.59,19889.24,19336.68,19802.64,1675.684726,21.9837296647,58.8022996288,29.3474436575
2022-09-17,19798.05,20179.98,19753.06,20110.84,902.692596,21.8859818326,63.8412229432,30.2770300547
2022-09-18,20114.74,20117.53,19338.68,19417.43,1192.997347,22.1791064615,63.5915721542,30.4615996
2022-09-19,19424.32,19678.53,18257.7,19540.09,2764.045921,21.3688370248,63.4340556207,29.781880744
2022-09-20,19533.97,19635.18,18740.54,18869.66,1662.940592,21.7061080965,63.3841915747,30.0417247921
2022-09-21,18868.01,19799.34,18168.45,18466.35,4338.898461,17.4227349485,63.4934522282,26.6368784044
2022-09-22,18452.78,19516.2,18359.28,19404.89,3527.023098,9.9340471526,63.6486850129,20.6769747247
2022-09-23,19410.18,19496.18,18535.56,19291.83,2732.032945,17.7407530023,63.7152887904,26.9356601599
2022-09-24,19292.79,19312.55,18810.09,18914.7,1250.790985,9.9405702129,63.777133579,20.7078828861
2022-09-25,18915.13,19177.21,18636.01,18810.25,1146.991059,9.9360422355,53.6714125036,18.6831162892
2022-09-26,18805.24,19315.99,18687.9,19226.03,2327.0065,9.9345280521,53.7849266865,18.7046077789
2022-09-27,19225.91,20382.65,18827.24,19077.58,5187.270084,9.9419869001,53.7823050961,18.7100505393
2022-09-28,19082.76,19788.22,18478.34,19412.05,4021.259066,25.5830302815,53.7768426304,31.2217927513
2022-09-29,19416.06,19642.42,18850.72,19585.16,2389.974444,25.5161561306,53.7045446352,31.1538338315
2022-09-30,19587.96,20178.37,19158.61,19423.55,3548.611654,25.5484549897,53.6200186787,31.1627677275
2022-10-01,19424.58,19482.44,19163.55,19312.75,647.879623,25.5624125985,53.839842371,31.217898553
2022-10-02,19309.16,19396.79,18922.49,19055.8,1197.444005,44.5565352331,53.8564725201,46.4165226905
2022-10-03,19061.42,19711.75,18964.71,19626.18,2384.419858,25.3870945352,53.7980504434,31.0692857168
2022-10-04,19629.32,20463.71,19494.03,20342.75,3241.1054,44.9758170076,53.7224279792,46.7251392019
2022-10-05,20337.15,20365.6,19737.65,20154.59,2263.369294,37.5271204898,53.7711499051,40.7759263729
2022-10-06,20155.84,20447.18,19855.56,19959.98,6227.034721,33.1314735319,53.7959482877,37.264368483
2022-10-07,19960.12,20061.62,19324.83,19530.6,3473.547154,53.5669091044,53.9642138236,53.6463700483
2022-10-09,19418.16,19554.52,19322.38,19441.73,1385.439554,25.6735909171,53.9969091066,31.338254555
2022-10-10,19441.28,19524.98,19021.19,19132.82,2568.522375,25.6593941913,54.0375903725,31.3350334276
2022-10-11,19130.63,19267.83,18862.23,19063.54,5319.982667,9.9785231381,53.9172587366,18.7662702578
2022-10-12,19058.62,19236.0,18982.92,19155.42,2192.387434,9.9781946693,53.7743540139,18.7374265382
2022-10-13,19155.42,19503.48,18172.26,19372.85,6484.869357,9.9763621853,53.8183966311,18.7447690745
2022-10-14,19371.65,19949.65,19081.82,19175.48,4569.729238,26.9984554555,53.9082219753,32.3804087595
2022-10-15,19177.42,19223.54,18986.0,19067.26,602.158529,9.9787959879,53.7693302139,18.7369028331
2022-10-16,19068.76,19424.58,19066.27,19263.61,748.190493,26.9954260956,53.8959812231,32.3755371211
2022-10-17,19259.03,19673.57,19157.4,19549.99,4008.206123,26.9983402952,53.65237293,32.3291468222
2022-10-18,19544.53,19700.37,19095.52,19331.56,4007.575497,47.3972044913,53.5606320802,48.629890009
2022-10-19,19326.07,19359.64,19070.34,19122.18,2834.00055,26.9989380234,53.5801835997,32.3151871387
2022-10-20,19125.17,19340.8,18911.11,19041.69,3602.221144,26.9986156617,53.5693464739,32.3127618242
2022-10-21,19044.55,19247.41,18656.0,19172.05,3666.560983,26.89827897,53.5772283894,32.2340688538
2022-10-22,19166.23,19254.05,19113.68,19206.26,403.379967,26.9965720417,53.5158310261,32.3004238386
2022-10-23,19205.81,19691.7,19076.11,19570.12,1262.330743,34.7212710327,53.4409599324,38.4652088126
2022-10-24,19573.53,19600.0,19159.19,19330.46,3311.75908,39.9681124181,53.1603071466,42.6065513638
2022-10-25,19332.8,20416.64,19242.37,20083.8,5843.708286,9.9886686811,53.3280939489,18.6565537346
2022-10-26,20081.79,21018.68,20052.43,20766.5,8103.200672,95.9015286395,53.0701793294,87.3352587775
2022-10-27,20766.53,20871.16,20200.76,20292.1,5580.976765,95.9391266109,53.5675529682,87.4648118824
2022-10-28,20297.59,20748.06,19999.57,20591.44,5519.60961,95.9373507269,53.4488525841,87.4396510984
2022-10-29,20589.6,21075.68,20555.57,20810.82,2955.614928,95.9141901033,53.3950958213,87.4103712469
2022-10-30,20811.67,20928.83,20513.57,20624.23,1872.680428,95.9090378547,53.3660600441,87.4004422926
2022-10-31,20628.34,20838.99,20243.57,20492.7,3089.643794,95.9242496292,53.3712923657,87.4136581765
2022-11-01,20493.8,20692.86,20330.0,20483.94,2894.399331,95.9116267814,53.1510920385,87.3595198328
2022-11-02,20485.23,20802.88,20063.21,20152.24,5814.672881,95.9326358976,53.788686437,87.5038460055
2022-11-03,20153.32,20392.76,20038.26,20208.15,4746.435078,88.2838727419,53.1443139071,81.255960975
2022-11-04,20209.22,21295.52,20182.71,21147.28,6759.66828,91.5015992163,53.1812415319,83.8375276794
2022-11-05,21145.13,21475.41,21083.55,21302.61,1743.009385,95.9136532352,54.1154920282,87.5540209938
2022-11-06,21301.02,21363.1,20889.12,20908.79,1404.431226,95.9186957924,54.085862472,87.5521291284
2022-11-07,20901.79,21065.09,20382.71,20589.39,3851.29632,96.0323288647,54.355360597,87.6969352111
2022-11-08,20588.47,20680.56,17466.24,18537.65,11634.442058,95.9361016763,53.6304618232,87.4749737057
2022-11-12,17042.83,17099.35,16637.51,16813.35,1008.732561,17.7676156746,48.2154517033,23.8571828804
2022-11-13,16814.93,16949.73,16245.12,16325.51,930.709892,17.7822183127,48.2365697035,23.8730885909
2022-11-14,16331.92,17160.5,15814.87,16612.4,4969.248876,17.6662541262,48.1110142736,23.7552061557
2022-11-15,16617.25,17123.98,16525.75,16894.63,8520.401199,17.7960940449,48.0974031529,23.8563558665
2022-11-16,16898.19,17011.62,16383.12,16661.52,3890.202133,17.8222088867,48.1166260499,23.8810923193
2022-11-17,16656.25,16744.95,16415.78,16692.72,2154.839322,17.8345878643,48.1113588264,23.8899420567
2022-11-18,16695.4,16994.47,16551.95,16701.82,1758.476916,17.8198690927,48.1047835454,23.8768519832
2022-11-19,16701.83,16822.78,16551.01,16706.97,470.155473,17.8662274757,48.1086798518,23.9147179509
2022-11-20,16699.42,16752.47,16177.98,16284.06,1079.236997,17.8629046139,48.1177703965,23.9138777705
2022-11-21,16284.06,16322.78,15486.74,15780.0,1805.011135,17.8436803538,48.0616733991,23.8872789628
2022-11-22,15780.0,16304.16,15622.74,16218.73,2123.896625,17.8358388798,48.0902977787,23.8867306596
2022-11-23,16229.54,16694.65,16164.23,16613.02,2315.271367,17.7499001597,48.1078155033,23.8214832284
2022-11-24,16604.87,16810.89,16462.63,16599.81,1416.419041,17.672773636,48.0609767305,21.454563
2022-11-25,16602.13,16621.88,16346.11,16520.64,1063.55348,17.5783408297,48.1045049894,23.6835736616
2022-11-26,16523.76,16698.77,16389.63,16471.64,435.505098,17.8354505654,48.1110372777,23.8905679078
2022-11-27,16465.05,16595.98,16404.59,16428.4,382.048973,17.8338605832,55.1486658032,25.2968216272
2022-11-28,16424.82,16486.01,15998.89,16212.51,1561.205164,17.8370968066,55.4351826528,25.3567139759
2022-11-29,16209.97,16545.96,16098.75,16441.05,1486.059194,17.7326401689,46.4995748988,23.4860271148
2022-11-30,16441.05,17242.09,16427.05,17164.98,2233.816116,21.8467695356,46.7785010921,26.8331158469
2022-12-01,17162.8,17320.96,16848.97,16976.49,1152.64243,21.8300583223,47.0492796877,26.8739025953
2022-12-02,16970.59,17105.07,16779.99,17096.4,982.293208,21.9099522997,58.3666449843,29.2012908366
2022-12-03,17091.78,17158.85,16862.57,16879.06,529.821032,17.6683087969,50.4759841843,24.2298438744
2022-12-04,16883.97,17202.45,16880.56,17106.46,671.866365,21.9959446216,50.4866361959,27.6940829365
2022-12-05,17104.72,17419.36,16869.44,16968.71,1850.641398,81.8346345435,50.4461906168,75.5569457582
2022-12-06,16968.93,17106.61,16910.0,17088.37,1376.064526,37.6423546022,58.2996667204,41.7738170258
2022-12-07,17090.14,17137.26,16685.62,16837.35,906.982363,57.0604115744,50.1525181009,55.6788328797
2022-12-08,16839.33,17296.05,16737.94,17220.61,1005.296721,45.5977908336,48.8108570654,46.24040408
2022-12-09,17222.55,17358.24,17068.04,17131.41,628.721642,57.0814108574,48.7930104676,55.4237307794
2022-12-10,17127.67,17226.88,17095.18,17129.89,280.844573,57.0399396371,48.9229280703,55.4165373238
2022-12-11,17129.77,17270.79,17071.81,17084.74,448.306265,69.2144523841,47.9975777122,64.9710774498
2022-12-12,17086.62,17240.58,16873.77,17204.88,831.739269,69.1083008039,48.0171905676,64.8900787567
2022-12-13,17211.41,17967.49,17083.4,17782.0,1353.343635,69.4661877046,49.0997517812,65.39290052
2022-12-14,17782.93,18379.51,17662.65,17804.72,3585.022348,69.8450602899,48.7805383273,65.6321558974
2022-12-15,17801.85,17854.26,17283.91,17359.37,1863.836197,95.9,48.8391622475,86.4878324495
2022-12-16,17355.01,17526.27,16532.94,16633.71,2945.142181,69.9491692215,49.3110967927,65.8215547357
2022-12-17,16625.45,16796.67,16583.73,16780.38,1074.492452,44.9478950718,53.8246404475,46.7232441469
2022-12-18,16781.49,16855.91,16663.99,16738.88,676.474706,44.9140432768,50.5403831298,46.0393112474
2022-12-19,16741.57,16814.49,16283.49,16439.89,1479.406444,44.9723003678,50.3399524794,46.0458307901
2022-12-20,16436.13,17048.57,16398.97,16898.75,2231.510723,9.9836874436,54.608503834,18.9086507216
2022-12-21,16898.67,16922.3,16732.51,16829.61,868.853082,26.9983299223,54.773084663,32.5532808704
2022-12-22,16828.58,16864.11,16563.47,16822.08,1298.109936,26.9983214087,51.1815667427,31.8349704755
2022-12-23,16824.09,16945.58,16761.57,16782.2,980.279996,26.9993312073,55.2157485456,32.642614675
2022-12-24,16781.48,16864.1,16776.9,16834.19,259.818886,27.2981003081,54.2950820173,32.69749665
2022-12-25,16838.18,16853.97,16731.82,16833.45,443.661161,31.0576702048,54.319920912,35.7101203463
2022-12-26,16832.62,16942.28,16792.23,16919.83,479.431244,9.9864860257,54.3074795074,18.850684722
2022-12-27,16921.8,16966.97,16604.33,16705.84,982.390394,9.9877558323,54.2889981862,18.8480043031
2022-12-28,16707.35,16783.9,16471.43,16545.89,1491.096529,9.9871634138,54.2656373811,18.8428582072
2022-12-29,16547.63,16662.69,16492.62,16634.04,748.75969,9.9840717452,54.3169479427,18.8506469847
2022-12-30,16631.15,16650.64,16369.84,16609.35,1080.822896,9.9860248929,54.3550304674,18.8598260078
2022-12-31,16605.84,16639.73,16466.79,16525.07,563.619323,9.9832140562,48.7108481338,17.7287408717
2023-01-01,16524.41,16628.2,16497.67,16617.57,309.056051,9.9843283116,48.9355730688,17.774577263
2023-01-02,16619.93,16785.92,16549.68,16677.87,713.131373,9.9827670272,48.7432938372,17.7348723892
2023-01-03,16674.84,16774.53,16604.95,16674.12,743.945758,9.9853403286,48.5996691602,17.708206095
2023-01-04,16676.49,16984.83,16653.41,16849.97,1511.331821,13.974434176,48.7808256723,20.9357124752
2023-01-05,16852.47,16878.61,16756.91,16832.48,722.090851,13.9757521298,49.4831996065,21.0772416251
2023-01-06,16829.96,17030.14,16683.74,16952.15,1227.368213,22.199688206,49.2135799635,27.6024665575
2023-01-07,16952.1,16982.15,16908.62,16945.2,268.373706,22.1996342758,49.5386023837,27.6674278973
2023-01-08,16944.93,17157.28,16913.17,17128.62,587.515062,21.9998325231,51.9570473137,27.9912754812
2023-01-09,17131.78,17395.51,17105.39,17181.92,1721.318758,39.5905623741,52.7418854956,42.2208269984
2023-01-10,17180.8,17488.38,17146.6,17441.76,1213.47196,60.0,52.9207610052,58.584152201
2023-01-11,17439.34,17996.94,17318.95,17944.83,1648.122479,82.4191509564,52.6594598925,76.4672127436
2023-01-12,17948.13,19113.49,17908.33,18852.95,6914.652036,95.920725368,51.2396500999,86.9845103143
2023-01-13,18844.86,20003.26,18718.59,19930.08,5011.223577,95.9867353382,54.2035876211,87.6301057947
2023-01-14,19929.16,21250.17,19890.43,20953.76,8620.941878,95.9590619911,54.2624192302,87.6197334389
2023-01-15,20952.7,21044.33,20572.1,20869.54,2245.308389,95.9763351713,54.1678258963,87.6146333163
2023-01-16,20879.04,21447.7,20629.46,21192.09,2900.430181,96.0157831944,55.1095720803,87.8345409716
2023-01-17,21187.47,21581.9,20851.69,21136.37,2085.221161,96.0133911853,54.7938634876,87.7694856458
2023-01-18,21128.58,21646.08,20412.41,20677.13,1745.364229,96.0360935581,55.4720750171,87.9232898499
2023-01-19,20677.13,21190.9,20660.38,21074.78,764.076433,96.0975309422,56.53727354,88.1854794618
2023-01-20,21080.05,22758.1,20868.93,22681.03,2614.471429,96.1296085544,56.747343225,88.2531554885
2023-01-21,22675.01,23353.62,22439.37,22775.95,4471.41213,96.1154023295,55.5830094612,88.0089237558
2023-01-22,22783.64,23074.91,22309.38,22714.51,3497.443376,96.1627672458,55.5634185843,88.0428975135
2023-01-23,22710.87,23173.98,22514.16,22915.06,2640.997861,96.1938092848,55.7523107211,88.1055095721
2023-01-24,22913.74,23157.5,22473.84,22631.85,2143.908361,96.2382687725,55.2046028367,88.0315355853
2023-01-25,22639.7,23809.38,22340.0,23055.67,2197.009498,96.269007957,55.6166527026,88.1385369061
2023-01-26,23071.15,23274.74,22858.6,23005.88,1193.341499,96.4114741957,55.4041925688,88.2100178703
2023-01-27,23006.98,23493.4,22580.0,23067.18,1626.405074,96.5083862349,53.5978219816,87.9262733842
